# Fused silica optical constants (wavelength_um, n, k)
# Source: D. Franta, D. Necas, I. Ohlidal, and A. Giglia,
# Optical characterization of SiO2 thin films using universal dispersion model
# over wide spectral range, Proc. SPIE 9890, 989014 (2016).
# DOI: 10.1117/12.2227580
# Imported from refractiveindex.info database (CC0 1.0).
# Original record: database/data/main/SiO2/nk/Franta.yml
# Includes one bracketing point on each side of the project 10-100 um range.
# wavelength_um,n,k
9.98619,2.54869386344,0.0885637898782
10.0092,2.5122735498,0.0787846101614
10.0323,2.47808540096,0.0707926618778
10.0554,2.44603408946,0.064254916871
10.0786,2.41599850412,0.0588856992342
10.1018,2.38784182028,0.0544446178563
10.1251,2.36141945907,0.0507330985011
10.1485,2.33658569557,0.0475900107199
10.1718,2.31319850572,0.0448868581663
10.1953,2.29112300035,0.0425228983919
10.2188,2.27023351732,0.0404204716493
10.2424,2.25041497369,0.0385207176426
10.266,2.23156340471,0.0367797926903
10.2896,2.2135852204,0.0351656400171
10.3134,2.19639745643,0.0336552732544
10.3371,2.17992645672,0.0322325822169
10.361,2.1641073597,0.0308865684866
10.3848,2.14888295032,0.0296099719882
10.4088,2.13420284029,0.0283982101762
10.4328,2.12002246685,0.0272485776052
10.4568,2.10630292621,0.0261596390282
10.4809,2.09300922658,0.0251308014674
10.5051,2.08011090654,0.0241619766879
10.5293,2.06758019158,0.0232533642632
10.5536,2.05539304774,0.0224052662405
10.5779,2.04352734204,0.0216179834645
10.6023,2.03196341918,0.0208917184965
10.6267,2.02068338404,0.0202265176797
10.6512,2.0096711488,0.0196222225352
10.6758,1.99891169745,0.0190784419161
10.7004,1.98839157632,0.018594521874
10.7251,1.97809819426,0.0181695353849
10.7498,1.96801952889,0.017802275129
10.7746,1.95814470003,0.01749124572
10.7994,1.94846285478,0.0172346790331
10.8243,1.93896385561,0.0170305417197
10.8493,1.92963762505,0.0168765646688
10.8743,1.92047404043,0.016770278917
10.8993,1.9114630182,0.0167090633099
10.9245,1.90259433066,0.016690210126
10.9496,1.89385708828,0.0167110118511
10.9749,1.88524044136,0.0167688584065
11.0002,1.87673195267,0.0168613793283
11.0255,1.86831970031,0.0169865806958
11.051,1.85998978688,0.0171430543787
11.0764,1.85172778904,0.0173301869298
11.102,1.84351843185,0.0175484220501
11.1276,1.83534510728,0.0177995648378
11.1532,1.82718995082,0.0180871220893
11.1789,1.81903429058,0.0184166790641
11.2047,1.81085864831,0.0187963172869
11.2305,1.80264306074,0.019237059415
11.2564,1.79436616221,0.0197533473376
11.2824,1.78600768982,0.0203634887492
11.3084,1.77754717784,0.0210901286339
11.3344,1.7689657383,0.0219606459494
11.3606,1.76024703271,0.0230074844721
11.3868,1.75137700791,0.0242683889028
11.413,1.74234622775,0.025786454956
11.4393,1.73315043469,0.0276100006095
11.4657,1.72379262661,0.0297921647109
11.4921,1.71428396206,0.0323902200619
11.5186,1.70464513384,0.0354645305821
11.5452,1.6949080626,0.0390771094536
11.5718,1.68511730491,0.0432897564935
11.5984,1.67533077064,0.0481617738007
11.6252,1.66561959732,0.0537472863102
11.652,1.65606975435,0.0600921372071
11.6788,1.64677940326,0.0672306313651
11.7058,1.63785908065,0.0751820597638
11.7328,1.6294283038,0.0839474224999
11.7598,1.62161256451,0.0935064871763
11.7869,1.61453840514,0.103815600095
11.8141,1.60832859398,0.114806502039
11.8413,1.60309620834,0.126386544188
11.8686,1.59893869108,0.138440524275
11.896,1.59593227919,0.150834267891
11.9234,1.59412739113,0.163419888788
11.9509,1.59354555239,0.176042443891
11.9784,1.59417834244,0.188547480965
12.006,1.59598866399,0.200788798877
12.0337,1.59891438715,0.212635637377
12.0615,1.6028741421,0.22397850776
12.0893,1.60777476437,0.234732972087
12.1171,1.61351967328,0.244840864475
12.1451,1.62001731143,0.25426870044
12.1731,1.62718870692,0.263003312596
12.2011,1.63497324566,0.271045057889
12.2293,1.64333186134,0.278399239088
12.2574,1.65224706635,0.285066646418
12.2857,1.66171955445,0.291034323722
12.314,1.67176149117,0.296267761023
12.3424,1.68238703915,0.300705674285
12.3709,1.69360108925,0.304258326033
12.3994,1.70538751044,0.306809964503
12.428,1.71769841753,0.308225448873
12.4566,1.73044592589,0.30836055796
12.4853,1.7434976003,0.307074950823
12.5141,1.75667634566,0.304246362292
12.543,1.76976491457,0.299784448137
12.5719,1.78251462719,0.293642766776
12.6009,1.79465741471,0.285827666376
12.6299,1.805919978,0.276403267192
12.659,1.8160387232,0.265492202755
12.6882,1.82477418122,0.253272231749
12.7174,1.83192379702,0.239969200202
12.7468,1.83733223633,0.225847093316
12.7761,1.84089865295,0.211196063771
12.8056,1.84258065289,0.196319370042
12.8351,1.84239495418,0.181520123558
12.8647,1.84041496049,0.167088648704
12.8944,1.83676563394,0.153291125219
12.9241,1.83161616758,0.14036002638
12.9539,1.82517102351,0.128486703514
12.9837,1.81765992384,0.117816310222
13.0137,1.80932736664,0.108445117358
13.0437,1.80042219634,0.100420148462
13.0737,1.79118769746,0.0937409677556
13.1039,1.78185261003,0.0883633784235
13.1341,1.77262339145,0.0842047346011
13.1644,1.76367797712,0.0811505316313
13.1947,1.75516122026,0.0790619112263
13.2251,1.74718211956,0.0777836984561
13.2556,1.73981286745,0.0771525761592
13.2862,1.7330896712,0.0770050025346
13.3168,1.72701521375,0.0771844943037
13.3475,1.7215625364,0.0775479356713
13.3783,1.71668004863,0.0779706347184
13.4091,1.71229731037,0.0783499321626
13.44,1.70833119766,0.0786072666447
13.471,1.70469205809,0.0786887065259
13.5021,1.70128948935,0.0785640598588
13.5332,1.69803742816,0.0782247616756
13.5644,1.69485831253,0.0776808033427
13.5956,1.69168616687,0.0769570080827
13.627,1.68846855037,0.0760889688666
13.6584,1.68516739392,0.0751189516136
13.6899,1.68175882525,0.0740920320099
13.7214,1.67823213916,0.0730526835756
13.7531,1.67458810895,0.0720419737682
13.7848,1.67083685454,0.0710954599012
13.8166,1.66699548277,0.0702418130915
13.8484,1.66308569964,0.0695021412388
13.8803,1.65913156407,0.0688899351192
13.9123,1.65515751438,0.0684115277004
13.9444,1.65118675482,0.0680669370129
13.9765,1.64724004589,0.0678509571383
14.0088,1.64333490244,0.0677543685434
14.0411,1.63948517067,0.0677651554972
14.0734,1.63570093098,0.0678696413799
14.1059,1.63198865954,0.0680534788777
14.1384,1.62835157599,0.0683024581655
14.171,1.62479010704,0.0686031196356
14.2036,1.62130240392,0.0689431767836
14.2364,1.61788486332,0.0693117686615
14.2692,1.61453261452,0.0696995697711
14.3021,1.61123994847,0.0700987889565
14.3351,1.60800067582,0.070503088693
14.3681,1.60480841059,0.0709074532765
14.4012,1.60165678261,0.0713080298691
14.4344,1.59853958663,0.0717019611148
14.4677,1.59545087818,0.0720872228171
14.5011,1.59238502718,0.0724624754732
14.5345,1.58933673971,0.0728269345616
14.568,1.58630105734,0.0731802614796
14.6016,1.58327334179,0.0735224748987
14.6352,1.58024925107,0.0738538809384
14.669,1.57722471177,0.0741750198097
14.7028,1.57419589064,0.0744866262816
14.7367,1.57115916776,0.0747896013512
14.7707,1.56811111245,0.0750849927052
14.8047,1.56504846266,0.0753739818818
14.8388,1.56196810803,0.0756578763814
14.873,1.55886707653,0.0759381053192
14.9073,1.55574252457,0.0762162175064
14.9417,1.5525917301,0.0764938811078
14.9761,1.54941208856,0.0767728842247
15.0107,1.54620111118,0.0770551359164
15.0453,1.54295642549,0.0773426672896
15.0799,1.53967577752,0.077637632379
15.1147,1.53635703584,0.0779423086015
15.1496,1.53299819675,0.0782590966131
15.1845,1.52959739084,0.0785905194281
15.2195,1.52615289048,0.0789392206804
15.2546,1.52266311824,0.0793079619236
15.2897,1.51912665597,0.079699618875
15.325,1.5155422545,0.0801171765204
15.3603,1.51190884372,0.080563723001
15.3957,1.50822554301,0.0810424422146
15.4312,1.50449167171,0.0815566050693
15.4668,1.50070675962,0.0821095593361
15.5024,1.49687055733,0.0827047180606
15.5382,1.49298304618,0.0833455464989
15.574,1.48904444769,0.0840355475622
15.6099,1.48505523233,0.0847782457629
15.6459,1.48101612736,0.0855771696738
15.6819,1.47692812365,0.0864358329276
15.7181,1.47279248123,0.0873577138013
15.7543,1.46861073335,0.0883462334523
15.7906,1.46438468896,0.0894047328901
15.827,1.46011643329,0.0905364487935
15.8635,1.45580832644,0.0917444883034
15.9001,1.45146299974,0.093031802946
15.9368,1.44708334973,0.0944011618665
15.9735,1.44267252957,0.0958551245781
16.0103,1.43823393781,0.0973960134545
16.0472,1.43377120425,0.0990258862208
16.0842,1.42928817291,0.10074650872
16.1213,1.42478888198,0.102559328257
16.1585,1.42027754068,0.104465447835
16.1957,1.415758503,0.106465601634
16.233,1.41123623843,0.108560132069
16.2705,1.40671529962,0.110748968812
16.308,1.40220028707,0.113031610132
16.3456,1.39769581117,0.115407106934
16.3832,1.3932064515,0.117874049864
16.421,1.38873671395,0.12043055983
16.4589,1.38429098569,0.123074282288
16.4968,1.37987348845,0.125802385595
16.5348,1.37548823054,0.128611563706
16.573,1.37113895798,0.131498043458
16.6112,1.3668291052,0.134457596622
16.6494,1.36256174587,0.137485556856
16.6878,1.35833954442,0.14057684162
16.7263,1.35416470866,0.143725979067
16.7649,1.35003894427,0.146927139811
16.8035,1.34596341151,0.150174173455
16.8422,1.34193868482,0.153460649627
16.8811,1.33796471582,0.156779903248
16.92,1.3340408001,0.160125083643
16.959,1.33016554833,0.163489207084
16.9981,1.326336862,0.166865212244
17.0373,1.32255191405,0.170246018049
17.0765,1.31880713476,0.173624583321
17.1159,1.31509820284,0.176993967621
17.1554,1.31142004191,0.180347392662
17.1949,1.3077668223,0.183678303682
17.2345,1.30413196804,0.18698043015
17.2743,1.30050816877,0.190247845239
17.3141,1.2968873964,0.193475023514
17.354,1.29326092606,0.196656896347
17.394,1.28961936097,0.199788904608
17.4341,1.28595266067,0.202867048291
17.4743,1.28225017217,0.205887932751
17.5146,1.27850066341,0.208848811359
17.555,1.2746923584,0.211747624425
17.5954,1.27081297355,0.214583034348
17.636,1.26684975441,0.217354457011
17.6766,1.26278951242,0.220062089529
17.7174,1.25861866083,0.222706934552
17.7582,1.25432324951,0.225290821365
17.7992,1.24988899771,0.227816424128
17.8402,1.24530132469,0.230287277663
17.8813,1.24054537726,0.232707791245
17.9226,1.23560605409,0.235083260949
17.9639,1.23046802616,0.237419881137
18.0053,1.22511575303,0.239724755771
18.0468,1.21953349438,0.242005910286
18.0884,1.21370531663,0.24427230484
18.1301,1.20761509413,0.24653384987
18.1719,1.20124650462,0.248801424947
18.2138,1.1945830187,0.25108690209
18.2558,1.18760788293,0.253403174807
18.2978,1.18030409623,0.255764194337
18.34,1.17265437952,0.258185014772
18.3823,1.16464113816,0.260681848997
18.4247,1.15624641726,0.263272137717
18.4671,1.14745184961,0.265974634224
18.5097,1.13823859661,0.268809508049
18.5524,1.1285872823,0.2717984712
18.5952,1.11847792143,0.274964931401
18.638,1.10788984244,0.278334177606
18.681,1.09680160759,0.281933604011
18.7241,1.08519093273,0.285792980052
18.7672,1.07303461124,0.289944775165
18.8105,1.06030844807,0.294424548752
18.8538,1.04698721288,0.299271417483
18.8973,1.03304462465,0.304528613964
18.9409,1.01845338552,0.310244152608
18.9845,1.0031852881,0.316471620088
19.0283,0.987211430219,0.323271108461
19.0722,0.970502583138,0.330710308176
19.1161,0.953029775886,0.338865774306
19.1602,0.934765178958,0.34782437029
19.2044,0.915683396718,0.357684875861
19.2486,0.895763307651,0.368559714538
19.293,0.874990622622,0.380576704089
19.3375,0.853361355596,0.393880651355
19.3821,0.830886402935,0.408634491424
19.4267,0.807597378183,0.425019504164
19.4715,0.783553703894,0.443233937284
19.5164,0.758850661183,0.463489165639
19.5614,0.733627586679,0.486002422655
19.6065,0.708074689007,0.510985332394
19.6517,0.682436188445,0.538628185276
19.697,0.657007066323,0.569081292386
19.7424,0.632121257395,0.602436632476
19.7879,0.608131107601,0.638714587839
19.8335,0.585381073631,0.677860625541
19.8792,0.564181564593,0.719754492502
19.9251,0.544789652437,0.764230461459
19.971,0.527401276691,0.811103439526
20.017,0.512155651069,0.860194358143
20.0632,0.499149042793,0.911349605141
20.1094,0.488453475015,0.964452051898
20.1558,0.480136228179,1.01942380336
20.2023,0.4742773469,1.07622225762
20.2488,0.470983738911,1.13483142821
20.2955,0.470399399287,1.19525022237
20.3423,0.472711759935,1.2574789339
20.3892,0.478154308669,1.32150485341
20.4362,0.487005624279,1.38728769862
20.4833,0.499584959326,1.45474549614
20.5305,0.516244531736,1.52374154533
20.5778,0.537358771774,1.59407310534
20.6253,0.563310897021,1.66546243003
20.6728,0.594477327788,1.73755071244
20.7205,0.631210582793,1.80989539072
20.7682,0.673821390951,1.88197112123
20.8161,0.722560810095,1.95317455716
20.8641,0.777603155796,2.02283289807
20.9122,0.839030516995,2.09021600879
20.9604,0.906819575977,2.15455175243
21.0087,0.980831364321,2.21504404726
21.0572,1.06080447877,2.27089304199
21.1057,1.14635215531,2.32131671091
21.1544,1.2369634594,2.36557310196
21.2031,1.33200869827,2.40298242769
21.252,1.43074900224,2.43294817597
21.301,1.53234986047,2.4549764337
21.3501,1.63589823929,2.46869266628
21.3993,1.74042276393,2.47385527541
21.4486,1.84491631515,2.47036536774
21.4981,1.94836028604,2.45827230208
21.5476,2.04974966757,2.43777473811
21.5973,2.14811808714,2.40921707862
21.6471,2.24256191617,2.37308137188
21.697,2.33226258932,2.32997491453
21.747,2.41650633919,2.28061395905
21.7972,2.49470064251,2.22580407871
21.8474,2.56638679253,2.16641786982
21.8978,2.63124815279,2.10337077301
21.9482,2.6891138039,2.03759586854
21.9988,2.739957462,1.97001854501
22.0496,2.78389172095,1.90153195411
22.1004,2.82115784564,1.83297414762
22.1513,2.85211151737,1.76510774506
22.2024,2.87720510118,1.69860289991
22.2536,2.89696716354,1.63402421816
22.3049,2.91198011078,1.57182213084
22.3563,2.92285693377,1.5123290328
22.4078,2.93021811918,1.45576027351
22.4595,2.9346698078,1.40221983066
22.5113,2.93678422992,1.35171022828
22.5632,2.93708331903,1.30414600148
22.6152,2.93602619613,1.25936978744
22.6673,2.9340009415,1.21716996857
22.7196,2.93132075468,1.17729873097
22.7719,2.92822428171,1.13948944364
22.8244,2.92487960162,1.10347240621
22.877,2.92139114536,1.06898823534
22.9298,2.91780869278,1.03579842932
22.9826,2.91413756273,1.00369293
23.0356,2.91034916893,0.972494755033
23.0887,2.90639123886,0.942061975997
23.1419,2.90219715658,0.912287456317
23.1953,2.89769406782,0.883096834207
23.2488,2.89280955288,0.854445248925
23.3024,2.8874768158,0.826313276388
23.3561,2.8816384486,0.798702478242
23.4099,2.87524890533,0.771630891182
23.4639,2.86827586574,0.745128702503
23.518,2.86070068669,0.719234281888
23.5722,2.85251813909,0.693990673446
23.6265,2.84373561389,0.669442598464
23.681,2.83437195855,0.645633978473
23.7356,2.82445608003,0.622605959263
23.7903,2.81402542417,0.600395397544
23.8451,2.80312441678,0.579033761225
23.9001,2.79180293025,0.558546389681
23.9552,2.78011482117,0.538952060148
24.0104,2.76811656939,0.5202628091
24.0658,2.75586603764,0.502483961759
24.1213,2.74342136179,0.48561432814
24.1769,2.73083997546,0.469646529316
24.2326,2.71817776827,0.454567422763
24.2885,2.70548837375,0.44035860029
24.3444,2.69282258106,0.426996936172
24.4006,2.68022786337,0.414455166628
24.4568,2.66774801511,0.402702484761
24.5132,2.65542288948,0.391705137599
24.5697,2.64328822807,0.381427013971
24.6263,2.63137557355,0.371830213816
24.6831,2.61971225702,0.362875591063
24.74,2.60832145118,0.354523263702
24.797,2.59722228079,0.34673308592
24.8542,2.58642998188,0.339465078437
24.9115,2.57595610143,0.3326798143
24.9689,2.56580872953,0.326338758468
25.0265,2.55599275621,0.320404560551
25.0842,2.54651014586,0.314841300965
25.142,2.53736022235,0.30961469162
25.2,2.52853995884,0.304692233
25.2581,2.5200442667,0.300043330088
25.3163,2.51186627874,0.295639370128
25.3746,2.50399762275,0.291453765579
25.4331,2.49642868193,0.287461965887
25.4918,2.48914883947,0.28364144184
25.5505,2.48214670544,0.279971646334
25.6094,2.47541032457,0.276433955302
25.6685,2.46892736412,0.27301159245
25.7276,2.46268528152,0.269689541215
25.7869,2.4566714721,0.26645444715
25.8464,2.4508733973,0.263294513617
25.906,2.44527869415,0.260199393379
25.9657,2.43987526734,0.257160078362
26.0255,2.43465136479,0.254168789529
26.0855,2.42959563825,0.251218868504
26.1457,2.42469719033,0.248304672279
26.2059,2.41994560935,0.245421472069
26.2664,2.41533099339,0.242565357128
26.3269,2.41084396497,0.239733144103
26.3876,2.40647567772,0.236922292321
26.4484,2.40221781605,0.23413082522
26.5094,2.39806258922,0.231357257999
26.5705,2.39400272061,0.228600531441
26.6318,2.39003143334,0.225859951766
26.6932,2.38614243283,0.223135136287
26.7547,2.38232988721,0.220425964608
26.8164,2.37858840616,0.217732535041
26.8782,2.37491301866,0.215055125898
26.9401,2.37129915019,0.212394161302
27.0022,2.36774259976,0.20975018116
27.0645,2.36423951702,0.207123814933
27.1269,2.36078637973,0.204515758856
27.1894,2.35737997191,0.201926756265
27.2521,2.35401736258,0.199357580721
27.3149,2.35069588544,0.196809021624
27.3779,2.34741311947,0.194281872041
27.441,2.34416687047,0.191776918486
27.5043,2.34095515364,0.189294932423
27.5677,2.33777617718,0.186836663272
27.6312,2.33462832684,0.184402832729
27.6949,2.33151015156,0.181994130219
27.7587,2.32842034994,0.179611209341
27.8227,2.32535775779,0.177254685148
27.8869,2.32232133641,0.174925132157
27.9512,2.3193101618,0.172623082974
28.0156,2.31632341466,0.170349027439
28.0802,2.31336037107,0.168103412215
28.1449,2.31042039396,0.165886640742
28.2098,2.30750292515,0.163699073505
28.2748,2.30460747805,0.16154102855
28.34,2.30173363093,0.159412782216
28.4053,2.29888102065,0.157314570029
28.4708,2.29604933696,0.155246587738
28.5364,2.29323831722,0.153208992464
28.6022,2.29044774149,0.151201903919
28.6682,2.28767742808,0.149225405704
28.7342,2.28492722941,0.147279546645
28.8005,2.2821970282,0.145364342166
28.8669,2.27948673399,0.143479775678
28.9334,2.27679627991,0.141625799981
29.0001,2.27412561975,0.139802338668
29.067,2.2714747252,0.138009287523
29.134,2.26884358338,0.136246515908
29.2011,2.26623219455,0.134513868134
29.2685,2.26364057002,0.132811164816
29.3359,2.26106873018,0.131138204197
29.4036,2.25851670281,0.129494763456
29.4713,2.25598452141,0.12788059998
29.5393,2.25347222374,0.126295452616
29.6074,2.25097985052,0.124739042881
29.6756,2.24850744417,0.123211076152
29.744,2.24605504774,0.121711242815
29.8126,2.24362270386,0.120239219383
29.8813,2.24121045392,0.118794669584
29.9502,2.23881833718,0.117377245412
30.0193,2.23644639008,0.115986588142
30.0885,2.23409464561,0.114622329318
30.1578,2.23176313269,0.113284091699
30.2273,2.22945187571,0.111971490175
30.297,2.22716089407,0.11068413265
30.3669,2.22489020179,0.109421620893
30.4369,2.2226398072,0.108183551348
30.507,2.22040971267,0.10696951592
30.5774,2.21819991433,0.105779102725
30.6478,2.21601040196,0.104611896807
30.7185,2.2138411588,0.103467480824
30.7893,2.21169216144,0.102345435707
30.8603,2.20956337977,0.101245341281
30.9314,2.20745477694,0.10016677686
31.0027,2.20536630934,0.0991093218135
31.0742,2.20329792661,0.0980725561044
31.1458,2.20124957171,0.0970560607938
31.2176,2.19922118096,0.0960594185233
31.2896,2.19721268414,0.0950822139681
31.3617,2.19522400459,0.0941240342636
31.434,2.19325505931,0.0931844694071
31.5065,2.19130575916,0.0922631126333
31.5791,2.18937600894,0.0913595607666
31.6519,2.18746570758,0.0904734145485
31.7249,2.18557474832,0.0896042789433
31.798,2.18370301889,0.0887517634202
31.8713,2.1818504017,0.0879154822143
31.9448,2.18001677404,0.0870950545673
32.0184,2.17820200827,0.0862901049469
32.0922,2.17640597205,0.0855002632474
32.1662,2.17462852853,0.0847251649713
32.2404,2.17286953658,0.0839644513927
32.3147,2.17112885102,0.0832177697035
32.3892,2.16940632281,0.0824847731428
32.4638,2.16770179927,0.0817651211101
32.5387,2.16601512433,0.081058479263
32.6137,2.16434613873,0.0803645196009
32.6889,2.16269468022,0.0796829205339
32.7642,2.16106058382,0.0790133669388
32.8398,2.15944368197,0.0783555502018
32.9155,2.15784380481,0.0777091682499
32.9913,2.15626078032,0.0770739255698
33.0674,2.15469443458,0.0764495332168
33.1436,2.15314459193,0.0758357088128
33.22,2.15161107518,0.0752321765346
33.2966,2.15009370582,0.0746386670933
33.3734,2.14859230416,0.0740549177052
33.4503,2.14710668955,0.0734806720536
33.5274,2.14563668055,0.0729156802443
33.6047,2.14418209508,0.0723596987532
33.6822,2.14274275061,0.0718124903677
33.7598,2.14131846431,0.0712738241217
33.8376,2.13990905321,0.0707434752251
33.9156,2.13851433433,0.0702212249881
33.9938,2.13713412483,0.0697068607408
34.0722,2.1357682422,0.0692001757478
34.1507,2.13441650429,0.0687009691199
34.2294,2.13307872953,0.0682090457213
34.3084,2.131754737,0.0677242160737
34.3874,2.13044434656,0.0672462962578
34.4667,2.12914737897,0.0667751078122
34.5462,2.12786365596,0.0663104776296
34.6258,2.12659300038,0.0658522378519
34.7056,2.12533523623,0.0654002257624
34.7856,2.12409018881,0.0649542836784
34.8658,2.12285768478,0.0645142588407
34.9462,2.1216375522,0.064080003304
35.0268,2.12042962067,0.0636513738251
35.1075,2.11923372134,0.0632282317523
35.1884,2.11804968703,0.0628104429131
35.2695,2.11687735222,0.0623978775032
35.3509,2.11571655315,0.0619904099746
35.4323,2.11456712789,0.0615879189248
35.514,2.11342891631,0.0611902869864
35.5959,2.1123017602,0.0607974007167
35.6779,2.11118550327,0.0604091504895
35.7602,2.11007999117,0.0600254303864
35.8426,2.10898507157,0.0596461380901
35.9253,2.10790059413,0.0592711747786
36.0081,2.10682641056,0.0589004450204
36.0911,2.10576237463,0.0585338566717
36.1743,2.10470834217,0.058171320775
36.2577,2.10366417111,0.0578127514579
36.3413,2.10262972149,0.0574580658359
36.425,2.10160485543,0.0571071839149
36.509,2.10058943719,0.0567600284961
36.5932,2.09958333311,0.0564165250831
36.6775,2.09858641169,0.0560766017899
36.7621,2.09759854352,0.0557401892521
36.8468,2.09661960127,0.0554072205384
36.9317,2.09564945977,0.0550776310654
37.0169,2.0946879959,0.0547513585134
37.1022,2.09373508864,0.0544283427448
37.1877,2.09279061905,0.0541085257244
37.2735,2.09185447024,0.0537918514411
37.3594,2.09092652736,0.0534782658321
37.4455,2.09000667759,0.0531677167092
37.5318,2.08909481014,0.0528601536866
37.6184,2.08819081618,0.0525555281113
37.7051,2.08729458889,0.0522537929947
37.792,2.08640602336,0.0519549029466
37.8791,2.08552501663,0.0516588141115
37.9664,2.08465146766,0.0513654841058
38.054,2.08378527726,0.0510748719583
38.1417,2.08292634811,0.0507869380506
38.2296,2.08207458475,0.0505016440617
38.3177,2.08122989348,0.0502189529127
38.4061,2.08039218242,0.049938828714
38.4946,2.07956136141,0.0496612367139
38.5833,2.07873734205,0.0493861432493
38.6723,2.07792003763,0.0491135156982
38.7614,2.07710936308,0.0488433224332
38.8508,2.07630523501,0.0485755327775
38.9404,2.07550757164,0.0483101169615
39.0301,2.07471629277,0.0480470460826
39.1201,2.07393131975,0.0477862920642
39.2103,2.07315257547,0.0475278276187
39.3007,2.07237998431,0.04727162621
39.3913,2.07161347214,0.0470176620186
39.4821,2.07085296627,0.0467659099075
39.5731,2.07009839541,0.0465163453898
39.6643,2.06934968966,0.0462689445974
39.7557,2.06860678048,0.0460236842513
39.8474,2.06786960069,0.0457805416325
39.9392,2.06713808436,0.0455394945552
40.0313,2.06641216687,0.0453005213399
40.1236,2.06569178484,0.0450636007887
40.2161,2.06497687612,0.044828712161
40.3088,2.06426737972,0.044595835151
40.4017,2.06356323585,0.0443649498654
40.4949,2.06286438585,0.0441360368026
40.5882,2.06217077216,0.0439090768331
40.6818,2.06148233835,0.0436840511803
40.7756,2.060799029,0.0434609414025
40.8696,2.06012078976,0.0432397293758
40.9638,2.05944756729,0.0430203972776
41.0582,2.05877930925,0.0428029275715
41.1528,2.05811596424,0.0425873029925
41.2477,2.05745748183,0.0423735065326
41.3428,2.05680381248,0.0421615214284
41.4381,2.05615490758,0.0419513311479
41.5336,2.05551071937,0.041742919379
41.6294,2.05487120096,0.0415362700184
41.7253,2.05423630629,0.0413313671611
41.8215,2.05360599011,0.0411281950901
41.9179,2.05298020794,0.0409267382675
42.0146,2.05235891611,0.0407269813253
42.1114,2.05174207167,0.0405289090575
42.2085,2.05112963241,0.0403325064119
42.3058,2.05052155686,0.0401377584831
42.4033,2.04991780419,0.039944650506
42.5011,2.04931833431,0.0397531678485
42.599,2.04872310773,0.0395632960064
42.6972,2.04813208566,0.0393750205972
42.7957,2.04754522989,0.0391883273556
42.8943,2.04696250283,0.0390032021282
42.9932,2.04638386752,0.0388196308691
43.0923,2.04580928752,0.0386375996358
43.1917,2.045238727,0.0384570945856
43.2912,2.04467215066,0.0382781019717
43.391,2.04410952372,0.0381006081402
43.491,2.04355081196,0.0379245995272
43.5913,2.04299598163,0.0377500626558
43.6918,2.04244499947,0.037576984134
43.7925,2.04189783274,0.0374053506521
43.8935,2.04135444914,0.0372351489809
43.9946,2.04081481682,0.0370663659698
44.0961,2.04027890438,0.0368989885451
44.1977,2.03974668088,0.0367330037086
44.2996,2.03921811575,0.0365683985363
44.4017,2.03869317887,0.0364051601773
44.5041,2.0381718405,0.0362432758527
44.6067,2.03765407132,0.0360827328548
44.7095,2.03713984234,0.0359235185466
44.8126,2.03662912499,0.0357656203608
44.9159,2.03612189101,0.0356090257996
45.0194,2.03561811255,0.0354537224341
45.1232,2.03511776205,0.0352996979044
45.2272,2.03462081231,0.0351469399189
45.3315,2.03412723647,0.0349954362543
45.436,2.03363700796,0.0348451747561
45.5407,2.03315010051,0.0346961433381
45.6457,2.03266648821,0.034548329982
45.7509,2.03218614539,0.034401722739
45.8564,2.03170904669,0.0342563097286
45.9621,2.03123516703,0.0341120791395
46.0681,2.0307644816,0.0339690192298
46.1743,2.03029696587,0.0338271183272
46.2807,2.02983259556,0.0336863648297
46.3874,2.02937134666,0.0335467472054
46.4943,2.0289131954,0.0334082539935
46.6015,2.02845811826,0.0332708738042
46.7089,2.02800609195,0.0331345953197
46.8166,2.02755709343,0.0329994072943
46.9245,2.02711109988,0.0328652985549
47.0327,2.0266680887,0.0327322580015
47.1411,2.02622803752,0.032600274608
47.2498,2.02579092419,0.032469337422
47.3587,2.02535672676,0.032339435566
47.4679,2.02492542348,0.0322105582376
47.5773,2.02449699282,0.0320826947098
47.687,2.02407141343,0.0319558343317
47.7969,2.02364866418,0.0318299665292
47.9071,2.02322872411,0.0317050808049
48.0175,2.02281157245,0.031581166739
48.1282,2.02239718862,0.0314582139895
48.2392,2.02198555223,0.0313362122928
48.3504,2.02157664303,0.0312151514639
48.4618,2.021170441,0.0310950213972
48.5736,2.02076692624,0.0309758120663
48.6855,2.02036607905,0.030857513525
48.7978,2.01996787989,0.0307401159069
48.9102,2.01957230937,0.0306236094267
49.023,2.01917934827,0.0305079843795
49.136,2.01878897753,0.0303932311417
49.2493,2.01840117825,0.030279340171
49.3628,2.01801593167,0.0301663020071
49.4766,2.0176332192,0.0300541072711
49.5907,2.01725302236,0.0299427466667
49.705,2.01687532286,0.0298322109794
49.8196,2.01650010254,0.0297224910775
49.9344,2.01612734337,0.0296135779114
50.0495,2.01575702747,0.0295054625148
50.1649,2.01538913711,0.0293981360036
50.2805,2.01502365468,0.029291589577
50.3964,2.01466056272,0.0291858145166
50.5126,2.01429984389,0.0290808021873
50.6291,2.01394148098,0.0289765440369
50.7458,2.01358545693,0.028873031596
50.8628,2.01323175481,0.0287702564779
50.98,2.01288035777,0.0286682103793
51.0975,2.01253124915,0.0285668850789
51.2153,2.01218441237,0.0284662724385
51.3334,2.01183983101,0.0283663644022
51.4517,2.01149748875,0.0282671529966
51.5703,2.01115736937,0.0281686303307
51.6892,2.01081945681,0.028070788595
51.8084,2.01048373511,0.0279736200622
51.9278,2.01015018844,0.0278771170865
52.0475,2.00981880106,0.0277812721037
52.1675,2.00948955738,0.0276860776304
52.2877,2.00916244188,0.0275915262644
52.4083,2.00883743921,0.0274976106837
52.5291,2.00851453408,0.0274043236468
52.6502,2.00819371134,0.0273116579922
52.7716,2.00787495594,0.0272196066377
52.8932,2.00755825295,0.0271281625807
53.0151,2.00724358755,0.0270373188974
53.1373,2.006930945,0.0269470687424
53.2598,2.0066203107,0.0268574053485
53.3826,2.00631167013,0.0267683220263
53.5057,2.00600500891,0.0266798121634
53.629,2.00570031272,0.0265918692247
53.7526,2.00539756739,0.026504486751
53.8766,2.00509675881,0.0264176583597
54.0008,2.004797873,0.026331377743
54.1252,2.00450089608,0.0262456386686
54.25,2.00420581426,0.0261604349786
54.3751,2.00391261385,0.026075760589
54.5004,2.00362128127,0.0259916094895
54.6261,2.00333180303,0.0259079757427
54.752,2.00304416575,0.0258248534836
54.8782,2.00275835613,0.0257422369195
55.0047,2.00247436098,0.0256601203287
55.1315,2.0021921672,0.0255784980606
55.2586,2.00191176179,0.0254973645347
55.386,2.00163313184,0.0254167142404
55.5137,2.00135626455,0.0253365417364
55.6416,2.00108114718,0.0252568416497
55.7699,2.00080776711,0.0251776086756
55.8985,2.00053611182,0.0250988375766
56.0273,2.00026616886,0.0250205231822
56.1565,1.99999792589,0.0249426603882
56.2859,1.99973137063,0.0248652441559
56.4157,1.99946649093,0.0247882695118
56.5457,1.99920327471,0.0247117315468
56.6761,1.99894170997,0.0246356254158
56.8067,1.99868178482,0.0245599463367
56.9377,1.99842348744,0.0244846895902
57.0689,1.99816680611,0.024409850519
57.2005,1.9979117292,0.0243354245272
57.3324,1.99765824514,0.0242614070797
57.4645,1.99740634249,0.0241877937014
57.597,1.99715600984,0.0241145799774
57.7298,1.99690723593,0.0240417615507
57.8629,1.99666000952,0.0239693341236
57.9962,1.99641431949,0.0238972934555
58.1299,1.99617015481,0.0238256353631
58.2639,1.99592750451,0.0237543557196
58.3983,1.99568635772,0.0236834504539
58.5329,1.99544670363,0.0236129155504
58.6678,1.99520853153,0.0235427470477
58.8031,1.9949718308,0.0234729410387
58.9386,1.99473659088,0.0234034936697
59.0745,1.99450280128,0.0233344011396
59.2107,1.99427045163,0.0232656596996
59.3471,1.99403953161,0.0231972656523
59.484,1.99381003097,0.0231292153515
59.6211,1.99358193957,0.0230615052011
59.7585,1.99335524731,0.0229941316549
59.8963,1.99312994419,0.0229270912158
60.0344,1.9929060203,0.022860380435
60.1728,1.99268346576,0.0227939959121
60.3115,1.99246227081,0.0227279342939
60.4505,1.99224242575,0.0226621922738
60.5898,1.99202392095,0.0225967665916
60.7295,1.99180674685,0.0225316540326
60.8695,1.99159089397,0.0224668514272
61.0098,1.99137635291,0.0224023556502
61.1505,1.99116311434,0.0223381636203
61.2914,1.99095116898,0.0222742722998
61.4327,1.99074050766,0.0222106786933
61.5744,1.99053112124,0.022147379848
61.7163,1.99032300069,0.0220843728525
61.8586,1.99011613702,0.0220216548368
62.0012,1.98991052131,0.0219592229711
62.1441,1.98970614474,0.0218970744659
62.2874,1.98950299854,0.0218352065711
62.4309,1.98930107399,0.0217736165754
62.5749,1.98910036246,0.0217123018064
62.7191,1.98890085538,0.0216512596291
62.8637,1.98870254427,0.0215904874458
63.0086,1.98850542066,0.0215299826965
63.1539,1.98830947621,0.0214697428566
63.2994,1.98811470261,0.0214097654379
63.4454,1.9879210916,0.0213500479875
63.5916,1.98772863503,0.0212905880871
63.7382,1.98753732479,0.0212313833532
63.8851,1.98734715282,0.0211724314358
64.0324,1.98715811114,0.0211137300186
64.18,1.98697019183,0.021055276818
64.328,1.98678338705,0.0209970695829
64.4763,1.98659768897,0.0209391060945
64.6249,1.98641308988,0.0208813841652
64.7739,1.9862295821,0.0208239016386
64.9232,1.98604715801,0.0207666563888
65.0729,1.98586581006,0.0207096463204
65.2229,1.98568553076,0.0206528693675
65.3732,1.98550631267,0.0205963234935
65.5239,1.98532814841,0.0205400066907
65.675,1.98515103067,0.0204839169801
65.8264,1.98497495219,0.0204280524103
65.9781,1.98479990575,0.0203724110579
66.1302,1.98462588422,0.0203169910266
66.2827,1.98445288052,0.0202617904465
66.4354,1.98428088759,0.0202068074748
66.5886,1.98410989846,0.0201520402942
66.7421,1.98393990621,0.0200974871133
66.896,1.98377090399,0.0200431461653
67.0502,1.98360288496,0.0199890157092
67.2047,1.98343584237,0.0199350940276
67.3597,1.98326976951,0.0198813794278
67.5149,1.98310465974,0.0198278702403
67.6706,1.98294050645,0.0197745648195
67.8266,1.98277730308,0.0197214615424
67.9829,1.98261504315,0.0196685588087
68.1396,1.98245372021,0.0196158550405
68.2967,1.98229332787,0.0195633486818
68.4542,1.98213385978,0.0195110381981
68.612,1.98197530965,0.0194589220765
68.7701,1.98181767124,0.0194069988246
68.9287,1.98166093834,0.0193552669711
69.0876,1.98150510483,0.0193037250645
69.2468,1.9813501646,0.0192523716735
69.4065,1.9811961116,0.0192012053866
69.5665,1.98104293983,0.0191502248115
69.7268,1.98089064335,0.0190994285748
69.8876,1.98073921624,0.0190488153223
70.0487,1.98058865264,0.0189983837178
70.2101,1.98043894676,0.0189481324433
70.372,1.98029009281,0.018898060199
70.5342,1.98014208507,0.0188481657025
70.6968,1.97999491788,0.0187984476885
70.8598,1.9798485856,0.0187489049091
71.0231,1.97970308263,0.0186995361329
71.1869,1.97955840345,0.0186503401451
71.351,1.97941454255,0.0186013157471
71.5154,1.97927149448,0.0185524617561
71.6803,1.97912925382,0.0185037770055
71.8455,1.9789878152,0.0184552603436
72.0112,1.9788471733,0.0184069106342
72.1772,1.97870732283,0.0183587267561
72.3436,1.97856825856,0.0183107076026
72.5103,1.97842997526,0.0182628520818
72.6775,1.97829246779,0.0182151591156
72.845,1.978155731,0.0181676276406
73.0129,1.97801975985,0.0181202566065
73.1813,1.97788454927,0.018073044977
73.35,1.97775009426,0.0180259917289
73.519,1.97761638987,0.0179790958524
73.6885,1.97748343117,0.0179323563504
73.8584,1.97735121327,0.0178857722385
74.0287,1.97721973133,0.0178393425452
74.1993,1.97708898053,0.0177930663106
74.3704,1.97695895612,0.0177469425875
74.5418,1.97682965334,0.0177009704405
74.7136,1.97670106751,0.0176551489456
74.8859,1.97657319394,0.0176094771907
75.0585,1.97644602805,0.0175639542748
75.2315,1.97631956523,0.017518579308
75.405,1.97619380092,0.0174733514116
75.5788,1.97606873059,0.0174282697176
75.753,1.97594434979,0.0173833333684
75.9276,1.97582065407,0.017338541517
76.1027,1.97569763897,0.0172938933269
76.2781,1.97557530017,0.0172493879712
76.4539,1.97545363329,0.0172050246333
76.6302,1.97533263401,0.0171608025064
76.8068,1.97521229808,0.0171167207929
76.9839,1.97509262124,0.017072778705
77.1614,1.97497359928,0.0170289754641
77.3392,1.97485522801,0.016985310301
77.5175,1.9747375033,0.016941782455
77.6962,1.974620421,0.0168983911746
77.8753,1.97450397706,0.0168551357169
78.0548,1.97438816741,0.0168120153475
78.2348,1.97427298803,0.0167690293406
78.4151,1.97415843493,0.0167261769785
78.5959,1.97404450413,0.0166834575519
78.7771,1.97393119172,0.0166408703592
78.9587,1.97381849381,0.0165984147067
79.1407,1.97370640649,0.0165560899088
79.3231,1.97359492594,0.0165138952873
79.506,1.97348404835,0.0164718301714
79.6893,1.97337376994,0.0164298938978
79.873,1.97326408692,0.0163880858107
80.0571,1.97315499561,0.0163464052609
80.2417,1.97304649227,0.0163048516069
80.4266,1.97293857327,0.0162634242134
80.612,1.97283123494,0.0162221224524
80.7979,1.97272447367,0.0161809457024
80.9841,1.97261828586,0.0161398933487
81.1708,1.97251266795,0.0160989647829
81.3579,1.97240761644,0.0160581594027
81.5455,1.97230312778,0.0160174766127
81.7335,1.97219919849,0.0159769158233
81.9219,1.97209582515,0.0159364764507
82.1107,1.97199300429,0.0158961579177
82.3,1.97189073254,0.0158559596524
82.4897,1.9717890065,0.015815881089
82.6799,1.97168782279,0.0157759216676
82.8705,1.97158717813,0.0157360808332
83.0615,1.97148706921,0.0156963580369
83.253,1.97138749271,0.0156567527351
83.4449,1.97128844542,0.0156172643894
83.6373,1.97118992408,0.0155778924667
83.8301,1.97109192548,0.0155386364393
84.0233,1.97099444644,0.0154994957842
84.217,1.97089748382,0.0154604699835
84.4112,1.97080103447,0.0154215585244
84.6057,1.97070509526,0.015382760899
84.8008,1.97060966311,0.0153440766039
84.9963,1.97051473495,0.0153055051406
85.1922,1.97042030776,0.0152670460149
85.3886,1.97032637847,0.0152286987376
85.5854,1.97023294411,0.0151904628238
85.7827,1.97014000167,0.015152337793
85.9805,1.97004754823,0.0151143231688
86.1787,1.96995558081,0.0150764184795
86.3773,1.96986409654,0.0150386232573
86.5765,1.96977309249,0.0150009370388
86.776,1.96968256582,0.0149633593641
86.9761,1.96959251364,0.0149258897782
87.1766,1.96950293312,0.0148885278295
87.3776,1.96941382147,0.0148512730702
87.579,1.9693251759,0.0148141250565
87.7809,1.96923699362,0.0147770833486
87.9832,1.96914927188,0.0147401475101
88.186,1.96906200797,0.0147033171083
88.3893,1.96897519914,0.0146665917143
88.5931,1.96888884273,0.0146299709025
88.7973,1.96880293605,0.014593454251
89.002,1.96871747647,0.014557041341
89.2072,1.96863246131,0.0145207317578
89.4128,1.96854788796,0.0144845250895
89.619,1.96846375386,0.0144484209273
89.8255,1.96838005642,0.0144124188661
90.0326,1.96829679302,0.0143765185041
90.2402,1.96821396119,0.014340719442
90.4482,1.96813155837,0.0143050212842
90.6567,1.96804958205,0.0142694236379
90.8657,1.96796802973,0.0142339261134
91.0751,1.96788689898,0.0141985283239
91.2851,1.96780618729,0.0141632298855
91.4955,1.96772589225,0.0141280304174
91.7064,1.96764601143,0.0140929295415
91.9179,1.96756654244,0.0140579268823
92.1297,1.96748748288,0.0140230220674
92.3421,1.96740883037,0.013988214727
92.555,1.96733058258,0.0139535044938
92.7684,1.96725273713,0.0139188910035
92.9822,1.96717529174,0.0138843738942
93.1966,1.96709824408,0.0138499528065
93.4114,1.96702159187,0.0138156273837
93.6267,1.96694533283,0.0137813972715
93.8426,1.96686946469,0.0137472621182
94.0589,1.96679398522,0.0137132215744
94.2757,1.96671889219,0.0136792752932
94.493,1.96664418339,0.0136454229299
94.7109,1.96656985662,0.0136116641422
94.9292,1.96649590968,0.0135779985902
95.148,1.96642234045,0.0135444259362
95.3674,1.96634914672,0.013510945845
95.5872,1.96627632638,0.0134775579831
95.8076,1.96620387731,0.0134442620195
96.0284,1.96613179737,0.0134110576255
96.2498,1.96606008451,0.0133779444741
96.4717,1.9659887366,0.0133449222408
96.6941,1.96591775161,0.013311990603
96.917,1.96584712748,0.01327914924
97.1404,1.96577686215,0.0132463978335
97.3643,1.96570695363,0.0132137360668
97.5888,1.96563739986,0.0131811636255
97.8137,1.9655681989,0.0131486801967
98.0392,1.9654993487,0.0131162854699
98.2652,1.96543084735,0.0130839791362
98.4918,1.96536269284,0.0130517608888
98.7188,1.96529488324,0.0130196304225
98.9464,1.96522741664,0.0129875874338
99.1745,1.96516029109,0.0129556316215
99.4031,1.9650935047,0.0129237626858
99.6322,1.96502705557,0.0128919803288
99.8619,1.96496094182,0.0128602842542
100.092,1.96489516157,0.0128286741677
